{"chord_min": [0.0807, 0.08544210526315789, 0.09910526315789472, 0.11040526315789474, 0.12125789473684212, 0.1329157894736842, 0.1425263157894737, 0.13894736842105265, 0.1355263157894737, 0.13278947368421054, 0.12921052631578947, 0.12647368421052632, 0.11742105263157894, 0.10642105263157893, 0.09515789473684211, 0.08394736842105263, 0.07321052631578946, 0.061631578947368405, 0.04631578947368413, 0.0021], 
"chord_max": [0.3349, 0.3390157894736842, 0.33878947368421053, 0.33456315789473684, 0.36202105263157897, 0.367978947368421, 0.3586157894736842, 0.36463684210526315, 0.37796315789473683, 0.3778789473684211, 0.37072105263157895, 0.36305789473684213, 0.35624736842105265, 0.34855263157894734, 0.3399894736842105, 0.3314263157894737, 0.32256315789473683, 0.30706842105263155, 0.2619947368421049, 0.1285], 
"twist_min": [13.11, 16.090263157894736, 16.462526315789475, 16.390736842105262, 15.093210526315788, 13.920105263157895, 13.098684210526317, 12.476736842105264, 11.959473684210526, 11.008157894736842, 10.143842105263158, 9.372157894736842, 8.544736842105262, 7.750526315789473, 7.019473684210527, 6.422631578947369, 5.964736842105263, 5.612105263157895, 4.850368421052618, 0.0],
 "twist_max": [55.845, 54.52421052631579, 52.30210526315789, 47.60473684210526, 44.926842105263155, 41.82526315789474, 39.2141052631579, 36.67836842105263, 34.23152631578947, 32.08573684210526, 30.194263157894735, 28.493105263157894, 26.952684210526314, 25.51994736842105, 24.166684210526316, 23.419999999999998, 22.793, 22.077473684210524, 20.642157894736833, 19.524]}